qid	canonical_name	source	source_name	previous_variants
Q101740	Benoit Mandelbrot	wikipedia	Benoit Mandelbrot	Benoît Mandelbrot | Benoit B. Mandelbrot
Q1030228	Ludvig Faddeev	wikipedia	Ludvig Faddeev	Ludvig Faddeev | Ludwig Faddeev
Q103835	Petrus (Peter) Josephus Wilhelmus Debye	explicit	Petrus (Peter) Josephus Wilhelmus Debye	Peter Debye | Petrus (Peter) Josephus Wilhelmus Debye
Q104600	Jack W. Szostak	explicit	Jack W. Szostak	Jack Szostak | Jack W. Szostak
Q104913	Robert G. Edwards	nobel	Robert G. Edwards	Robert Edwards | Robert G. Edwards
Q105494	Ralph M. Steinman	nobel	Ralph M. Steinman	Ralph Steinman | Ralph M. Steinman
Q106454	Adam G. Riess	nobel	Adam G. Riess	Adam Riess | Adam G. Riess
Q1065232	Charles Sawyers	wikipedia	Charles Sawyers	Charles L. Sawyers | Charles Sawyers
Q106547	Paul C. Lauterbur	nobel	Paul C. Lauterbur	Paul C. Lauterbur | Paul Christian Lauterbur
Q106624	Ahmed H. Zewail	nobel	Ahmed H. Zewail	Ahmed H. Zewail | Ahmed Hassan Zewail
Q107402	Rosalyn Sussman Yalow	wikipedia	Rosalyn Sussman Yalow	Rosalyn S. Yalow | Rosalyn Yalow
Q107462	Har Gobind Khorana	nobel	Har Gobind Khorana	H. Gobind Khorana | Har Gobind Khorana
Q1076636	Luis Caffarelli	wikipedia	Luis Caffarelli	Luis Caffarelli | Luis A. Caffarelli
Q110101	Edward Calvin Kendall	nobel	Edward Calvin Kendall	Edward C. Kendall | Edward Calvin Kendall
Q1107006	Ken Thompson	wikipedia	Ken Thompson	Kenneth Thompson | Ken Thompson
Q110974	James W. Black	nobel	Sir James W. Black	James W. Black | Sir James W. Black
Q111190	F. Sherwood Rowland	nobel	F. Sherwood Rowland	Frank Sherwood Rowland | F. Sherwood Rowland
Q112119455	Paul Negulescu	wikipedia	Paul Negulescu	Paul Negulescu | Paul A. Negulescu
Q113081	Walter Munk	wikipedia	Walter Munk	Walter Munk | Walter Heinrich Munk
Q1161184	Daniel H. Janzen	wikipedia	Daniel H. Janzen	Daniel H. Janzen | Daniel Hunt Janzen
Q1173676	David Baulcombe	wikipedia	David Baulcombe	David C. Baulcombe | David Baulcombe
Q118909	Walter Jakob Gehring	wikipedia	Walter Jakob Gehring	Walter J. Gehring | Walter Jakob Gehring
Q123280	Francis Harry Compton Crick	nobel	Francis Harry Compton Crick	Francis H.C. Crick | F.H.C. Crick | Francis Harry Compton Crick
Q1239660	Donald Henderson	wikipedia	Donald Henderson	Donald A. Henderson | Donald Henderson
Q127122	Douglas L. Coleman	wikipedia	Douglas L. Coleman	Douglas Coleman | Douglas L. Coleman
Q133267	Lev Davidovich Landau	nobel	Lev Davidovich Landau	Lev Landau | Lev Davidovich Landau
Q1356470	Ernest McCulloch	wikipedia	Ernest McCulloch	Ernest A. McCulloch | Ernest McCulloch
Q1378995	John Heysham Gibbon	wikipedia	John Heysham Gibbon	John H. Gibbon | John Heysham Gibbon
Q1499435	Michael Berridge	wikipedia	Michael Berridge	Michael J. Berridge | Michael Berridge
Q1514435	John Allen Clements	wikipedia	John Allen Clements	John A. Clements | John Allen Clements
Q153717	Freeman Dyson	wikipedia	Freeman Dyson	Freeman Dyson | Freeman J. Dyson
Q15374218	Mahlon DeLong	wikipedia	Mahlon DeLong	Mahlon DeLong | Mahlon R. DeLong
Q1545000	Gregory P. Winter	nobel	Sir Gregory P. Winter	Sir Gregory Winter | Sir Gregory P. Winter
Q15451	W. D. Hamilton	wikipedia	W. D. Hamilton	W. D. Hamilton | William Donald Hamilton
Q155371	Charles Brenton Huggins	nobel	Charles Brenton Huggins	Charles Huggins | Charles Brenton Huggins
Q155790	Eugene Paul Wigner	nobel	Eugene Paul Wigner	Eugene Wigner | Eugene Paul Wigner
Q155794	Hans Albrecht Bethe	nobel	Hans Albrecht Bethe	Hans Bethe | Hans Albrecht Bethe
Q157210	Ryōji Noyori	wikipedia	Ryōji Noyori	Ryoji Noyori | Ryōji Noyori
Q1603351	William G. Kaelin	nobel	William G. Kaelin Jr	William G. Kaelin Jr. | William Kaelin Jr. | William G. Kaelin Jr
Q1633582	Ronald Drever	wikipedia	Ronald Drever	Ronald Drever | Ronald W. P. Drever
Q1633764	Huda Zoghbi	wikipedia	Huda Zoghbi	Huda Zoghbi | Huda Y. Zoghbi
Q16389	Charles Kuen Kao	nobel	Charles Kuen Kao	Charles K. Kao | Charles Kuen Kao
Q16731956	Lynne E. Maquat	wikipedia	Lynne E. Maquat	Lynne E. Maquat | Lynne Elizabeth Maquat
Q1690702	Joan A. Steitz	wikipedia	Joan A. Steitz	Joan A. Steitz | Joan Argetsinger Steitz | Joan Steitz
Q17457	Donald Knuth	wikipedia	Donald Knuth	Donald Ervin Knuth | Donald Knuth
Q17714	Stephen Hawking	wikipedia	Stephen Hawking	Stephen Hawking | Stephen W. Hawking
Q180468	Albert von Szent-Györgyi Nagyrápolt	nobel	Albert von Szent-Györgyi Nagyrápolt	Albert Szent-Györgyi | Albert von Szent-Györgyi Nagyrápolt
Q182031	Jack S. Kilby	nobel	Jack S. Kilby	Jack St. Clair Kilby | Jack S. Kilby
Q1820381	Leroy Hood	wikipedia	Leroy Hood	Leroy Edward Hood | Leroy Hood
Q183279	Zhores I. Alferov	nobel	Zhores I. Alferov	Zhores Ivanovich Alferov | Zhores I. Alferov
Q184433	Andrew Wiles	wikipedia	Andrew Wiles	Andrew Wiles | Andrew John Wiles
Q184592	Gerardus 't Hooft	nobel	Gerardus 't Hooft	Gerard 't Hooft | Gerardus 't Hooft
Q184659	Maurice Hugh Frederick Wilkins	nobel	Maurice Hugh Frederick Wilkins	M.H.F. Wilkins | Maurice Hugh Frederick Wilkins
Q1878725	Lyman Page	wikipedia	Lyman Page	Lyman Page Jr. | Lyman A. Page Jr.
Q1900363	Mark Ptashne	wikipedia	Mark Ptashne	Mark Ptashne | Mark S. Ptashne
Q192112	Peter W. Higgs	nobel	Peter W. Higgs	Peter W. Higgs | Peter Higgs
Q193550	Frank Macfarlane Burnet	nobel	Sir Frank Macfarlane Burnet	Frank Macfarlane Burnet | Sir Frank Macfarlane Burnet
Q20026282	Everett Peter Greenberg	wikipedia	Everett Peter Greenberg	E Peter Greenberg | E. Peter Greenberg
Q201452	Brian P. Schmidt	nobel	Brian P. Schmidt	Brian P. Schmidt | Brian Schmidt
Q2075967	Peter J. Ratcliffe	nobel	Sir Peter J. Ratcliffe	Peter J. Ratcliffe | Sir Peter J. Ratcliffe
Q207719	Martin J. Evans	nobel	Sir Martin J. Evans	Martin Evans | Sir Martin J. Evans
Q208356	Michael Atiyah	wikipedia	Michael Atiyah	Michael Atiyah | Michael Francis Atiyah
Q211642	Lars Ahlfors	wikipedia	Lars Ahlfors	Lars Valerian Ahlfors | Lars Ahlfors
Q215574	Mario R. Capecchi	nobel	Mario R. Capecchi	Mario R. Capecchi | Mario Renato Capecchi | Mario Capecchi
Q215765	John Milnor	wikipedia	John Milnor	John Milnor | John Willard Milnor
Q2161615	Roger Blandford	wikipedia	Roger Blandford	Roger Blandford | Roger D. Blandford
Q219716	Paul M. Nurse	nobel	Sir Paul M. Nurse	Paul M. Nurse | Paul Nurse | Sir Paul M. Nurse
Q232305	Roger Wolcott Sperry	wikipedia	Roger Wolcott Sperry	Roger Wolcott Sperry | Roger W. Sperry
Q232308	Selman Abraham Waksman	nobel	Selman Abraham Waksman	Selman Waksman | Selman Abraham Waksman
Q233973	John A. Pople	nobel	John A. Pople	John A. Pople | John Pople
Q2344805	Stephen Elledge	wikipedia	Stephen Elledge	Stephen J. Elledge | Stephen Joseph Elledge
Q235651	Philip Showalter Hench	nobel	Philip Showalter Hench	Philip S. Hench | Philip Showalter Hench
Q237142	Ulf von Euler	nobel	Ulf von Euler	Ulf S. von Euler | Ulf von Euler
Q237825	John C. Polanyi	nobel	John C. Polanyi	John C. Polanyi | John Charles Polanyi
Q242169	Roger Guillemin	nobel	Roger Guillemin	Roger Guillemin | Roger C.L. Guillemin
Q243536	Howard Martin Temin	nobel	Howard Martin Temin	Howard M. Temin | Howard Martin Temin
Q253133	Jacques Miller	wikipedia	Jacques Miller	Jacques F.A.P. Miller | Jacques Miller
Q2547334	Yuet Wai Kan	wikipedia	Yuet Wai Kan	Yuet Wai Kan | Yuet-Wai Kan
Q26321	Elizabeth H. Blackburn	nobel	Elizabeth H. Blackburn	Elizabeth H. Blackburn | Elizabeth Blackburn
Q26322	Carol W. Greider	nobel	Carol W. Greider	Carol Greider | Carol W. Greider
Q2638148	Albert Coons	wikipedia	Albert Coons	Albert H. Coons | Albert Coons
Q271532	John E. Sulston	nobel	John E. Sulston	John E. Sulston | John Sulston
Q271757	André Frédéric Cournand	nobel	André Frédéric Cournand	André Cournand | André Frédéric Cournand
Q273769	Godfrey N. Hounsfield	nobel	Godfrey N. Hounsfield	Sir Godfrey N. Hounsfield | Godfrey N. Hounsfield
Q277221	Alexander Polyakov	wikipedia	Alexander Polyakov (physicist)	Alexander Polyakov | Alexander Markovich Polyakov
Q28212107	Frederick J. Ramsdell	nobel	Frederick J. Ramsdell	Fred Ramsdell | Frederick J. Ramsdell
Q284129	Charles Fefferman	wikipedia	Charles Fefferman	Charles Louis Fefferman | Charles Fefferman
Q295768	Bengt I. Samuelsson	nobel	Bengt I. Samuelsson	Bengt Samuelsson | Bengt I. Samuelsson
Q313168	John G. Thompson	wikipedia	John G. Thompson	John G. Thompson | John Griggs Thompson
Q315414	Israel Gelfand	wikipedia	Israel Gelfand	Izrail Moiseevich Gelfand | Israel Gelfand
Q315439	George Uhlenbeck	wikipedia	George Uhlenbeck	George Uhlenbeck | George E. Uhlenbeck
Q323320	Kip S. Thorne	nobel	Kip S. Thorne	Kip Thorne | Kip S. Thorne
Q325705	Grigory Margulis	wikipedia	Grigory Margulis	Grigory Margulis | Gregori Aleksandrovitch Margulis | Gregory Margulis
Q328131	Shiing-Shen Chern	wikipedia	Shiing-Shen Chern	Shiing-Shen Chern (陳省身) | Shiing-Shen Chern
Q333538	Enrico Bombieri	wikipedia	Enrico Bombieri	Enrico Bombieri | Enrico E Bombieri
Q333975	Sergei Novikov	wikipedia	Sergei Novikov (mathematician)	Serge P. Novikov | Sergei Novikov
Q334021	David Mumford	wikipedia	David Mumford	David Bryant Mumford | David Mumford | David B. Mumford
Q334039	Simon Donaldson	wikipedia	Simon Donaldson	Simon Donaldson | Simon K Donaldson | Simon K. Donaldson
Q334045	Pierre Deligne	wikipedia	Pierre Deligne	Pierre Deligne | Pierre René Deligne
Q373925	Adrian Bird	wikipedia	Adrian Bird	Adrian Peter Bird | Adrian P. Bird
Q376149	Alfred G. Knudson	wikipedia	Alfred G. Knudson	Alfred G. Knudson Jr. | Alfred G. Knudson
Q40262	David J. Gross	nobel	David J. Gross	David Gross | David J. Gross
Q40904	Werner Karl Heisenberg	nobel	Werner Karl Heisenberg	Werner Heisenberg | Werner Karl Heisenberg
Q436109	Janet Rowley	wikipedia	Janet Rowley	Janet D. Rowley | Janet Rowley
Q441154	Victor Weisskopf	wikipedia	Victor Weisskopf	Victor Weisskopf | Victor F. Weisskopf
Q442466	Alexander Varshavsky	wikipedia	Alexander Varshavsky	Alexander Varshavsky | Alexander J. Varshavsky
Q460847	Mary F. Lyon	wikipedia	Mary F. Lyon	Mary F. Lyon | Mary Frances Lyon
Q462843	Tu Youyou	wikipedia	Tu Youyou	Tu Youyou | Youyou Tu
Q47480	Paul Adrien Maurice Dirac	nobel	Paul Adrien Maurice Dirac	Paul Dirac | Paul Adrien Maurice Dirac
Q493956	Andrea M. Ghez	wikipedia	Andrea M. Ghez	Andrea M. Ghez | Andrea Ghez
Q5017731	Lewis C. Cantley	wikipedia	Lewis C. Cantley	Lewis C. Cantley | Lewis Cantley
Q503360	Eugene Parker	wikipedia	Eugene Parker	Eugene N. Parker | Eugene Newman Parker
Q504021	Gary Ruvkun	nobel	Gary Ruvkun	Gary Ruvkun | Gary B. Ruvkun
Q505514	James Till	wikipedia	James Till	James E. Till | James Till
Q542242	Ronald Vale	wikipedia	Ronald Vale	Ronald Vale | Ronald D. Vale
Q5423976	F. Mason Sones	wikipedia	F. Mason Sones	F. Mason Sones | F. Mason Sones, Jr.
Q56068	Jennifer A. Doudna	nobel	Jennifer A. Doudna	Jennifer Doudna | Jennifer A. Doudna
Q5619925	Gurdev Khush	wikipedia	Gurdev Khush	Gurdev S. Khush | Gurdev Khush
Q565544	Anne L’Huillier	nobel	Anne L’Huillier	Anne L’Huillier | Anne L'Huillier
Q57070	Gustav Ludwig Hertz	nobel	Gustav Ludwig Hertz	Gustav Hertz | Gustav Ludwig Hertz
Q57191	Hans Adolf Krebs	nobel	Hans Adolf Krebs	Hans A. Krebs | Hans Adolf Krebs
Q573751	Tony Pawson	wikipedia	Tony Pawson (biochemist)	Anthony J. Pawson | Anthony James Pawson
Q6140731	James P. Allison	nobel	James P. Allison	James P. Allison | James Allison
Q62843	Robert Kahn	wikipedia	Robert Kahn (computer scientist)	Robert E. Kahn | Robert Kahn
Q62857	Maurice Wilkes	wikipedia	Maurice Wilkes	Maurice Vincent Wilkes | Maurice Wilkes
Q62866	Ivan Sutherland	wikipedia	Ivan Sutherland	Ivan Edward Sutherland | Ivan Sutherland
Q62888	Andrew Yao	wikipedia	Andrew Yao	Andrew Chi-Chih Yao | Andrew Yao
Q669597	Robert S. Langer	wikipedia	Robert S. Langer	Robert Langer | Robert S. Langer
Q6755546	Marc Feldmann	wikipedia	Marc Feldmann	Marc Feldmann | Sir Marc Feldmann
Q68118	Earl Wilbur Sutherland	wikipedia	Earl Wilbur Sutherland Jr.	Earl W. Sutherland | Earl W. Sutherland, Jr.
Q7085	Niels Henrik David Bohr	nobel	Niels Henrik David Bohr	Niels Bohr | Niels Henrik David Bohr
Q710597	Arthur B. McDonald	nobel	Arthur B. McDonald	Arthur B. McDonald and the Sudbury Neutrino Observatory Team | Arthur B. McDonald
Q713342	Denis Parsons Burkitt	wikipedia	Denis Parsons Burkitt	Denis P. Burkitt | Denis Burkitt
Q726376	Dennis Sullivan	wikipedia	Dennis Sullivan	Dennis Sullivan | Dennis P. Sullivan
Q728331	James Peebles	nobel	James Peebles	James Peebles | P. James E. Peebles
Q7296719	Ravinder Maini	wikipedia	Ravinder Maini	Ravinder N. Maini | Sir Ravinder Nath Maini
Q7357582	Roel Nusse	wikipedia	Roel Nusse	Roeland Nusse | Roel Nusse
Q740803	Richard Doll	wikipedia	Richard Doll	W. Richard S. Doll | Richard Doll
Q7426	Ada E. Yonath	nobel	Ada E. Yonath	Ada E. Yonath | Ada Yonath
Q77160	Georges J. F. Köhler	wikipedia	Georges J. F. Köhler	Georges J. Köhler | Georges J. F. Köhler | Georges J.F. Köhler
Q8070836	Zhijian Chen	wikipedia	Zhijian Chen	Zhijian James Chen | Zhijian Chen
Q80910	Robert J. Lefkowitz	nobel	Robert J. Lefkowitz	Robert J. Lefkowitz | Robert Lefkowitz
Q81218	John B. Gurdon	nobel	Sir John B. Gurdon	John Gurdon | Sir John B. Gurdon
Q83331	Louis-Victor Pierre Raymond de Broglie	nobel	Prince Louis-Victor Pierre Raymond de Broglie	Louis de Broglie | Prince Louis-Victor Pierre Raymond de Broglie
Q83333	James Dewey Watson	nobel	James Dewey Watson	James D. Watson | James Dewey Watson
Q836911	Rashid Sunyaev	wikipedia	Rashid Sunyaev	Rashid Alievich Sunyaev | Rashid A. Sunyaev
Q89620738	John M. Jumper	wikipedia	John M. Jumper	John Jumper | John M. Jumper
Q900586	Robert G. Roeder	wikipedia	Robert G. Roeder	Robert Roeder | Robert G. Roeder
Q9021	Max Karl Ernst Ludwig Planck	nobel	Max Karl Ernst Ludwig Planck	Max Planck | Max Karl Ernst Ludwig Planck
Q903388	Edwin Southern	wikipedia	Edwin Southern	Edwin M. Southern | Edwin Southern
Q91435	Franz-Ulrich Hartl	wikipedia	Franz-Ulrich Hartl	Franz-Ulrich Hartl | F. Ulrich Hartl
Q92602	Tony Hoare	wikipedia	Tony Hoare	Antony Hoare | Tony Hoare
Q92612	Richard M. Karp	wikipedia	Richard M. Karp	Richard Manning Karp | Richard M. Karp
Q92742	Alan Kay	wikipedia	Alan Kay	Alan Curtis Kay | Alan Kay
Q92743	Vint Cerf	wikipedia	Vint Cerf	Vinton Gray Cerf | Vint Cerf
Q950897	Yakov Sinai	wikipedia	Yakov Sinai	Yakov Sinai | Yakov G. Sinai
Q96637578	Joel Habener	wikipedia	Joel Habener	Joel Francis Habener | Joel Habener
Q983858	Victor Ambros	nobel	Victor Ambros	Victor Ambros | Victor R. Ambros
