Q101740	Benoît Mandelbrot | Benoit B. Mandelbrot
Q1030228	Ludvig Faddeev | Ludwig Faddeev
Q103835	Peter Debye | Petrus (Peter) Josephus Wilhelmus Debye
Q104600	Jack Szostak | Jack W. Szostak
Q104913	Robert Edwards | Robert G. Edwards
Q105494	Ralph Steinman | Ralph M. Steinman
Q106454	Adam Riess | Adam G. Riess
Q1065232	Charles L. Sawyers | Charles Sawyers
Q106547	Paul C. Lauterbur | Paul Christian Lauterbur
Q106624	Ahmed H. Zewail | Ahmed Hassan Zewail
Q107402	Rosalyn S. Yalow | Rosalyn Yalow
Q107462	H. Gobind Khorana | Har Gobind Khorana
Q1076636	Luis Caffarelli | Luis A. Caffarelli
Q110101	Edward C. Kendall | Edward Calvin Kendall
Q1107006	Kenneth Thompson | Ken Thompson
Q110974	James W. Black | Sir James W. Black
Q111190	Frank Sherwood Rowland | F. Sherwood Rowland
Q112119455	Paul Negulescu | Paul A. Negulescu
Q113081	Walter Munk | Walter Heinrich Munk
Q1161184	Daniel H. Janzen | Daniel Hunt Janzen
Q1173676	David C. Baulcombe | David Baulcombe
Q118909	Walter J. Gehring | Walter Jakob Gehring
Q123280	Francis H.C. Crick | F.H.C. Crick | Francis Harry Compton Crick
Q1239660	Donald A. Henderson | Donald Henderson
Q127122	Douglas Coleman | Douglas L. Coleman
Q133267	Lev Landau | Lev Davidovich Landau
Q1356470	Ernest A. McCulloch | Ernest McCulloch
Q1378995	John H. Gibbon | John Heysham Gibbon
Q1499435	Michael J. Berridge | Michael Berridge
Q1514435	John A. Clements | John Allen Clements
Q153717	Freeman Dyson | Freeman J. Dyson
Q15374218	Mahlon DeLong | Mahlon R. DeLong
Q1545000	Sir Gregory Winter | Sir Gregory P. Winter
Q15451	W. D. Hamilton | William Donald Hamilton
Q155371	Charles Huggins | Charles Brenton Huggins
Q155790	Eugene Wigner | Eugene Paul Wigner
Q155794	Hans Bethe | Hans Albrecht Bethe
Q157210	Ryoji Noyori | Ryōji Noyori
Q1603351	William G. Kaelin Jr. | William Kaelin Jr. | William G. Kaelin Jr
Q1633582	Ronald Drever | Ronald W. P. Drever
Q1633764	Huda Zoghbi | Huda Y. Zoghbi
Q16389	Charles K. Kao | Charles Kuen Kao
Q16731956	Lynne E. Maquat | Lynne Elizabeth Maquat
Q1690702	Joan A. Steitz | Joan Argetsinger Steitz | Joan Steitz
Q17457	Donald Ervin Knuth | Donald Knuth
Q17714	Stephen Hawking | Stephen W. Hawking
Q180468	Albert Szent-Györgyi | Albert von Szent-Györgyi Nagyrápolt
Q182031	Jack St. Clair Kilby | Jack S. Kilby
Q1820381	Leroy Edward Hood | Leroy Hood
Q183279	Zhores Ivanovich Alferov | Zhores I. Alferov
Q184433	Andrew Wiles | Andrew John Wiles
Q184592	Gerard 't Hooft | Gerardus 't Hooft
Q184659	M.H.F. Wilkins | Maurice Hugh Frederick Wilkins
Q1878725	Lyman Page Jr. | Lyman A. Page Jr.
Q1900363	Mark Ptashne | Mark S. Ptashne
Q192112	Peter W. Higgs | Peter Higgs
Q193550	Frank Macfarlane Burnet | Sir Frank Macfarlane Burnet
Q20026282	E Peter Greenberg | E. Peter Greenberg
Q201452	Brian P. Schmidt | Brian Schmidt
Q2075967	Peter J. Ratcliffe | Sir Peter J. Ratcliffe
Q207719	Martin Evans | Sir Martin J. Evans
Q208356	Michael Atiyah | Michael Francis Atiyah
Q211642	Lars Valerian Ahlfors | Lars Ahlfors
Q215574	Mario R. Capecchi | Mario Renato Capecchi | Mario Capecchi
Q215765	John Milnor | John Willard Milnor
Q2161615	Roger Blandford | Roger D. Blandford
Q219716	Paul M. Nurse | Paul Nurse | Sir Paul M. Nurse
Q232305	Roger Wolcott Sperry | Roger W. Sperry
Q232308	Selman Waksman | Selman Abraham Waksman
Q233973	John A. Pople | John Pople
Q2344805	Stephen J. Elledge | Stephen Joseph Elledge
Q235651	Philip S. Hench | Philip Showalter Hench
Q237142	Ulf S. von Euler | Ulf von Euler
Q237825	John C. Polanyi | John Charles Polanyi
Q242169	Roger Guillemin | Roger C.L. Guillemin
Q243536	Howard M. Temin | Howard Martin Temin
Q253133	Jacques F.A.P. Miller | Jacques Miller
Q2547334	Yuet Wai Kan | Yuet-Wai Kan
Q26321	Elizabeth H. Blackburn | Elizabeth Blackburn
Q26322	Carol Greider | Carol W. Greider
Q2638148	Albert H. Coons | Albert Coons
Q271532	John E. Sulston | John Sulston
Q271757	André Cournand | André Frédéric Cournand
Q273769	Sir Godfrey N. Hounsfield | Godfrey N. Hounsfield
Q277221	Alexander Polyakov | Alexander Markovich Polyakov
Q28212107	Fred Ramsdell | Frederick J. Ramsdell
Q284129	Charles Louis Fefferman | Charles Fefferman
Q295768	Bengt Samuelsson | Bengt I. Samuelsson
Q313168	John G. Thompson | John Griggs Thompson
Q315414	Izrail Moiseevich Gelfand | Israel Gelfand
Q315439	George Uhlenbeck | George E. Uhlenbeck
Q323320	Kip Thorne | Kip S. Thorne
Q325705	Grigory Margulis | Gregori Aleksandrovitch Margulis | Gregory Margulis
Q328131	Shiing-Shen Chern (陳省身) | Shiing-Shen Chern
Q333538	Enrico Bombieri | Enrico E Bombieri
Q333975	Serge P. Novikov | Sergei Novikov
Q334021	David Bryant Mumford | David Mumford | David B. Mumford
Q334039	Simon Donaldson | Simon K Donaldson | Simon K. Donaldson
Q334045	Pierre Deligne | Pierre René Deligne
Q373925	Adrian Peter Bird | Adrian P. Bird
Q376149	Alfred G. Knudson Jr. | Alfred G. Knudson
Q40262	David Gross | David J. Gross
Q40904	Werner Heisenberg | Werner Karl Heisenberg
Q436109	Janet D. Rowley | Janet Rowley
Q441154	Victor Weisskopf | Victor F. Weisskopf
Q442466	Alexander Varshavsky | Alexander J. Varshavsky
Q460847	Mary F. Lyon | Mary Frances Lyon
Q462843	Tu Youyou | Youyou Tu
Q47480	Paul Dirac | Paul Adrien Maurice Dirac
Q493956	Andrea M. Ghez | Andrea Ghez
Q5017731	Lewis C. Cantley | Lewis Cantley
Q503360	Eugene N. Parker | Eugene Newman Parker
Q504021	Gary Ruvkun | Gary B. Ruvkun
Q505514	James E. Till | James Till
Q542242	Ronald Vale | Ronald D. Vale
Q5423976	F. Mason Sones | F. Mason Sones, Jr.
Q56068	Jennifer Doudna | Jennifer A. Doudna
Q5619925	Gurdev S. Khush | Gurdev Khush
Q565544	Anne L’Huillier | Anne L'Huillier
Q57070	Gustav Hertz | Gustav Ludwig Hertz
Q57191	Hans A. Krebs | Hans Adolf Krebs
Q573751	Anthony J. Pawson | Anthony James Pawson
Q6140731	James P. Allison | James Allison
Q62843	Robert E. Kahn | Robert Kahn
Q62857	Maurice Vincent Wilkes | Maurice Wilkes
Q62866	Ivan Edward Sutherland | Ivan Sutherland
Q62888	Andrew Chi-Chih Yao | Andrew Yao
Q669597	Robert Langer | Robert S. Langer
Q6755546	Marc Feldmann | Sir Marc Feldmann
Q68118	Earl W. Sutherland | Earl W. Sutherland, Jr.
Q7085	Niels Bohr | Niels Henrik David Bohr
Q710597	Arthur B. McDonald and the Sudbury Neutrino Observatory Team | Arthur B. McDonald
Q713342	Denis P. Burkitt | Denis Burkitt
Q726376	Dennis Sullivan | Dennis P. Sullivan
Q728331	James Peebles | P. James E. Peebles
Q7296719	Ravinder N. Maini | Sir Ravinder Nath Maini
Q7357582	Roeland Nusse | Roel Nusse
Q740803	W. Richard S. Doll | Richard Doll
Q7426	Ada E. Yonath | Ada Yonath
Q77160	Georges J. Köhler | Georges J. F. Köhler | Georges J.F. Köhler
Q8070836	Zhijian James Chen | Zhijian Chen
Q80910	Robert J. Lefkowitz | Robert Lefkowitz
Q81218	John Gurdon | Sir John B. Gurdon
Q83331	Louis de Broglie | Prince Louis-Victor Pierre Raymond de Broglie
Q83333	James D. Watson | James Dewey Watson
Q836911	Rashid Alievich Sunyaev | Rashid A. Sunyaev
Q89620738	John Jumper | John M. Jumper
Q900586	Robert Roeder | Robert G. Roeder
Q9021	Max Planck | Max Karl Ernst Ludwig Planck
Q903388	Edwin M. Southern | Edwin Southern
Q91435	Franz-Ulrich Hartl | F. Ulrich Hartl
Q92602	Antony Hoare | Tony Hoare
Q92612	Richard Manning Karp | Richard M. Karp
Q92742	Alan Curtis Kay | Alan Kay
Q92743	Vinton Gray Cerf | Vint Cerf
Q950897	Yakov Sinai | Yakov G. Sinai
Q96637578	Joel Francis Habener | Joel Habener
Q983858	Victor Ambros | Victor R. Ambros
